{
  "employee": [
    {
      "id": "101",
      "firstName": "John",
      "lastName": "elf",
      "email": "john@gmail.com",
      "age": 24,
      "companyId": "1"
    },
    {
      "id": "102",
      "firstName": "Alice",
      "lastName": "Williams",
      "email": "mark@gmail.com",
      "age": 23,
      "companyId": "1"
    },
    {
      "id": "103",
      "firstName": "yamara",
      "lastName": "mike",
      "email": "mike@gmail.com",
      "age": 43,
      "companyId": "2"
    },
    {
      "firstName": "Brat",
      "lastName": "Trava",
      "age": 39,
      "email": "test@test.com",
      "companyId": "3",
      "id": "B1Ww3BIS-"
    }
  ],
  "companies": [
    {
      "id": "1",
      "name": "Apple",
      "description": "Apple Inc. is an American multinational technology company headquartered in Cupertino, California that designs, develops, and sells consumer electronics, computer software, and online services. ... Its online services include the iTunes Store, the iOS App Store and Mac App Store, Apple Music, and iCloud"
    },
    {
      "id": "2",
      "name": "Microsoft",
      "description": "Microsoft Corporation, incorporated on September 22, 1993, is a technology company. The Company develops, licenses, and supports a range of software products, services and devices. The Company's segments include Productivity and Business Processes, Intelligent Cloud and More Personal Computing"
    },
    {
      "id": "3",
      "name": "Google",
      "description": "Google LLC is an American multinational technology company that specializes in Internet-related services and products, which include online advertising technologies, search engine, cloud computing, software, and hardware"
    }
  ]
}
